{
	"acntData": [
			{
				"acntName" : "IRA - 5200",
				"availableCash": 5763.36,
				"changeAmnt" : 8916.89,
				"changePercent" : 0.08,
				"differenceParam" : "negative",
				"currency": "USD"
			},
			{
				"acntName" : "AAA - 1812",
				"availableCash": 2010926.10,
				"changeAmnt" : 38881.63,
				"changePercent" : 0.21,
				"differenceParam" : "positive",
				"currency": "USD"
			},
			{
				"acntName" : "AAA - 3810",
				"availableCash": 10050054.07,
				"changeAmnt" : 8916.89,
				"changePercent" : 0.07,
				"differenceParam" : "positive",
				"currency": "USD"
			},
			{
				"acntName" : "REG - 2019",
				"availableCash": 13465679.34,
				"changeAmnt" : 0,
				"changePercent" : 0,
				"differenceParam" : "zero",
				"currency": "USD"
			},
			{
				"acntName" : "IRA - 0146",
				"availableCash": 15884302.39,
				"changeAmnt" : 7340.83,
				"changePercent" : 0.03,
				"differenceParam" : "positive",
				"currency": "USD"
			},
			{
				"acntName" : "AAA - 0029",
				"availableCash": 39160334.42,
				"changeAmnt" : 31435.87,
				"changePercent" : 0.07,
				"differenceParam" : "negative",
				"currency": "USD"
			}
	]
}
